,gene,essential,comment
0,H16_A0136,yes,
1,H16_A0169,yes,
2,H16_A0208,yes,
3,H16_A0230,yes,
4,H16_A0238,yes,
5,H16_A0239,yes,
6,H16_A0243,yes,
7,H16_A0244,yes,
8,H16_A0259,yes,
9,H16_A0262,yes,
10,H16_A0263,yes,
11,H16_A0332,yes,
12,H16_A0367,yes,
13,H16_A0372,yes,
14,H16_A0374,yes,
15,H16_A0445,yes,
16,H16_A0566,yes,
17,H16_A0568,yes,
18,H16_A0570,yes,
19,H16_A0603,yes,
20,H16_A0604,yes,
21,H16_A0606,yes,
22,H16_A0734,yes,
23,H16_A0746,yes,
24,H16_A0749,yes,
25,H16_A0753,yes,
26,H16_A0787,yes,
27,H16_A0791,yes,
28,H16_A0913,yes,
29,H16_A0914,yes,
30,H16_A0953,yes,
31,H16_A0999,yes,
32,H16_A1035,yes,
33,H16_A1038,yes,
34,H16_A1039,yes,
35,H16_A1047,yes,
36,H16_A1050,yes,
37,H16_A1051,yes,
38,H16_A1052,yes,
39,H16_A1053,yes,
40,H16_A1055,yes,
41,H16_A1056,yes,
42,H16_A1057,yes,
43,H16_A1058,yes,
44,H16_A1063,yes,
45,H16_A1132,yes,
46,H16_A1134,yes,
47,H16_A1185,yes,
48,H16_A1186,yes,
49,H16_A1188,yes,
50,H16_A1204,yes,
51,H16_A1214,yes,
52,H16_A1216,yes,
53,H16_A1217,yes,
54,H16_A1223,yes,
55,H16_A1225,yes,
56,H16_A1370,yes,
57,H16_A1452,yes,
58,H16_A1456,yes,
59,H16_A1457,yes,
60,H16_A1475,yes,
61,H16_A1547,yes,
62,H16_A1550,yes,
63,H16_A1569,yes,
64,H16_A1681,yes,
65,H16_A1682,yes,
66,H16_A1906,yes,
67,H16_A1973,yes,
68,H16_A2028,yes,
69,H16_A2030,yes,
70,H16_A2042,yes,
71,H16_A2043,yes,
72,H16_A2045,yes,
73,H16_A2049,yes,
74,H16_A2051,yes,
75,H16_A2053,yes,
76,H16_A2066,yes,
77,H16_A2069,yes,
78,H16_A2086,yes,
79,H16_A2265,yes,
80,H16_A2324,yes,
81,H16_A2325,yes,
82,H16_A2335,yes,
83,H16_A2345,yes,
84,H16_A2354,yes,
85,H16_A2364,yes,
86,H16_A2368,yes,
87,H16_A2403,yes,
88,H16_A2445,yes,
89,H16_A2446,yes,
90,H16_A2452,yes,
91,H16_A2454,yes,
92,H16_A2508,yes,
93,H16_A2525,yes,
94,H16_A2546,yes,
95,H16_A2552,yes,
96,H16_A2568,yes,
97,H16_A2611,yes,
98,H16_A2618,yes,
99,H16_A2627,yes,
100,H16_A2629,yes,
101,H16_A2630,yes,
102,H16_A2631,yes,
103,H16_A2632,yes,
104,H16_A2703,yes,
105,H16_A2704,yes,
106,H16_A2732,yes,
107,H16_A2744,yes,
108,H16_A2802,yes,
109,H16_A2834,yes,
110,H16_A2848,yes,
111,H16_A2849,yes,
112,H16_A2855,yes,
113,H16_A2883,yes,
114,H16_A2908,yes,
115,H16_A2913,yes,
116,H16_A2920,yes,
117,H16_A2925,yes,
118,H16_A2930,yes,
119,H16_A2959,yes,
120,H16_A3025,yes,
121,H16_A3045,yes,
122,H16_A3048,yes,
123,H16_A3049,yes,
124,H16_A3061,yes,
125,H16_A3063,yes,
126,H16_A3082,yes,
127,H16_A3106,yes,
128,H16_A3107,yes,
129,H16_A3124,yes,
130,H16_A3128,yes,
131,H16_A3141,yes,
132,H16_A3146,yes,
133,H16_A3147,yes,
134,H16_A3154,yes,
135,H16_A3171,yes,
136,H16_A3172,yes,
137,H16_A3234,yes,
138,H16_A3235,yes,
139,H16_A3249,yes,
140,H16_A3253,yes,
141,H16_A3258,yes,
142,H16_A3266,yes,
143,H16_A3271,yes,
144,H16_A3272,yes,
145,H16_A3273,yes,
146,H16_A3275,yes,
147,H16_A3276,yes,
148,H16_A3277,yes,
149,H16_A3278,yes,
150,H16_A3283,yes,
151,H16_A3317,yes,
152,H16_A3339,yes,
153,H16_A3414,yes,
154,H16_A3418,yes,
155,H16_A3443,yes,
156,H16_A3453,yes,
157,H16_A3633,yes,
158,H16_A3637,yes,
159,H16_A3638,yes,
160,H16_A3639,yes,
161,H16_A3640,yes,
162,H16_A3641,yes,
163,H16_A3642,yes,
164,H16_A3643,yes,
165,H16_B0357,yes,
166,H16_B0382,yes,
167,H16_B0420,yes,
168,H16_B0496,yes,
169,H16_B0811,yes,
170,H16_B0834,yes,
171,H16_B1395,yes,
172,H16_B1428,yes,
173,H16_B1769,yes,
174,H16_B1771,yes,
175,H16_B1817,yes,
176,H16_B2265,yes,
177,H16_B2266,yes,
178,H16_B2267,yes,
179,H16_B2531,yes,
180,H16_A0588,yes,
181,H16_A1425,yes,
182,H16_A1544,yes,
183,H16_A1922,yes,
184,H16_A1923,yes,
185,H16_A2050,yes,
186,H16_A2410,yes,
187,H16_A2565,yes,
188,H16_A2567,yes,
189,H16_A2569,yes,
190,H16_A2570,yes,
191,H16_A3241,yes,
192,H16_A3279,yes,
193,H16_A3491,yes,
194,H16_A3501,yes,
195,H16_A3505,yes,
196,H16_B0601,yes,
197,H16_B1287,yes,
198,H16_B1361,yes,
199,H16_B1461,yes,
200,H16_B1896,yes,
201,H16_A0569,no,
202,H16_A0571,no,
203,H16_A0624,no,
204,H16_A0865,no,
205,H16_A1259,no,
206,H16_A1266,no,
207,H16_A1375,no,
208,H16_A1715,no,
209,H16_A1719,no,
210,H16_A1809,no,
211,H16_A1963,no,
212,H16_A1967,no,
213,H16_A2209,no,
214,H16_A2266,no,
215,H16_A2528,no,
216,H16_A2859,no,
217,H16_A2871,no,
218,H16_A2906,no,
219,H16_A2909,no,
220,H16_A3250,no,
221,H16_A3636,no,
222,H16_B0072,no,
223,H16_B0550,no,
224,H16_B0662,no,
225,H16_B0680,no,
226,H16_B0968,no,
227,H16_B1004,no,
228,H16_B1063,no,
229,H16_B1179,no,
230,H16_B1388,no,
231,H16_B1391,no,
232,H16_B1418,no,
233,H16_B1475,no,
234,H16_B1558,no,
235,H16_B1642,no,
236,H16_B1841,no,
237,H16_A0610,no,
238,H16_A1767,no,
239,H16_A1793,no,
240,H16_A2044,no,
241,H16_B1360,no,
242,H16_B1362,no,
243,H16_B1799,no,
244,PHG272,no,
245,H16_A0037,no,
246,H16_A0038,no,
247,H16_A0042,no,
248,H16_A0044,no,
249,H16_A0065,no,
250,H16_A0068,no,
251,H16_A0100,no,
252,H16_A0124,no,
253,H16_A0125,no,
254,H16_A0142,no,
255,H16_A0143,no,
256,H16_A0150,no,
257,H16_A0151,no,
258,H16_A0167,no,
259,H16_A0170,no,
260,H16_A0172,no,
261,H16_A0174,no,
262,H16_A0179,no,
263,H16_A0180,no,
264,H16_A0181,no,
265,H16_A0182,no,
266,H16_A0183,no,
267,H16_A0185,no,
268,H16_A0186,no,
269,H16_A0190,no,
270,H16_A0220,no,
271,H16_A0224,no,
272,H16_A0227,no,
273,H16_A0228,no,
274,H16_A0229,no,
275,H16_A0232,no,
276,H16_A0249,no,
277,H16_A0269,no,
278,H16_A0272,no,
279,H16_A0273,no,
280,H16_A0274,no,
281,H16_A0280,no,
282,H16_A0282,no,
283,H16_A0291,no,
284,H16_A0314,no,
285,H16_A0315,no,
286,H16_A0316,no,
287,H16_A0322,no,
288,H16_A0323,no,
289,H16_A0352,no,
290,H16_A0361,no,
291,H16_A0362,no,
292,H16_A0369,no,
293,H16_A0395,no,
294,H16_A0428,no,
295,H16_A0430,no,
296,H16_A0461,no,
297,H16_A0462,no,
298,H16_A0464,no,
299,H16_A0471,no,
300,H16_A0479,no,
301,H16_A0493,no,
302,H16_A0499,no,
303,H16_A0501,no,
304,H16_A0513,no,
305,H16_A0517,no,
306,H16_A0519,no,
307,H16_A0520,no,
308,H16_A0535,no,
309,H16_A0547,no,
310,H16_A0548,no,
311,H16_A0561,no,
312,H16_A0567,no,
313,H16_A0597,no,
314,H16_A0602,no,
315,H16_A0615,no,
316,H16_A0633,no,
317,H16_A0640,no,
318,H16_A0641,no,
319,H16_A0642,no,
320,H16_A0644,no,
321,H16_A0666,no,
322,H16_A0670,no,
323,H16_A0674,no,
324,H16_A0689,no,
325,H16_A0695,no,
326,H16_A0745,no,
327,H16_A0757,no,
328,H16_A0767,no,
329,H16_A0782,no,
330,H16_A0784,no,
331,H16_A0793,no,
332,H16_A0794,no,
333,H16_A0795,no,
334,H16_A0797,no,
335,H16_A0802,no,
336,H16_A0807,no,
337,H16_A0810,no,
338,H16_A0827,no,
339,H16_A0831,no,
340,H16_A0845,no,
341,H16_A0850,no,
342,H16_A0851,no,
343,H16_A0852,no,
344,H16_A0856,no,
345,H16_A0861,no,
346,H16_A0866,no,
347,H16_A0867,no,
348,H16_A0868,no,
349,H16_A0871,no,
350,H16_A0872,no,
351,H16_A0873,no,
352,H16_A0893,no,
353,H16_A0915,no,
354,H16_A0918,no,
355,H16_A0922,no,
356,H16_A0923,no,
357,H16_A0926,no,
358,H16_A0932,no,
359,H16_A0955,no,
360,H16_A1000,no,
361,H16_A1013,no,
362,H16_A1014,no,
363,H16_A1016,no,
364,H16_A1017,no,
365,H16_A1036,no,
366,H16_A1041,no,
367,H16_A1060,no,
368,H16_A1081,no,
369,H16_A1083,no,
370,H16_A1084,no,
371,H16_A1098,no,
372,H16_A1101,no,
373,H16_A1102,no,
374,H16_A1109,no,
375,H16_A1113,no,
376,H16_A1114,no,
377,H16_A1122,no,
378,H16_A1125,no,
379,H16_A1150,no,
380,H16_A1151,no,
381,H16_A1178,no,
382,H16_A1179,no,
383,H16_A1197,no,
384,H16_A1199,no,
385,H16_A1229,no,
386,H16_A1230,no,
387,H16_A1235,no,
388,H16_A1236,no,
389,H16_A1237,no,
390,H16_A1239,no,
391,H16_A1251,no,
392,H16_A1256,no,
393,H16_A1258,no,
394,H16_A1264,no,
395,H16_A1265,no,
396,H16_A1282,no,
397,H16_A1290,no,
398,H16_A1291,no,
399,H16_A1297,no,
400,H16_A1306,no,
401,H16_A1313,no,
402,H16_A1317,no,
403,H16_A1322,no,
404,H16_A1331,no,
405,H16_A1332,no,
406,H16_A1334,no,
407,H16_A1337,no,
408,H16_A1356,no,
409,H16_A1363,no,
410,H16_A1377,no,
411,H16_A1394,no,
412,H16_A1404,no,
413,H16_A1410,no,
414,H16_A1412,no,
415,H16_A1437,no,
416,H16_A1438,no,
417,H16_A1439,no,
418,H16_A1445,no,
419,H16_A1447,no,
420,H16_A1454,no,
421,H16_A1465,no,
422,H16_A1469,no,
423,H16_A1495,no,
424,H16_A1502,no,
425,H16_A1509,no,
426,H16_A1519,no,
427,H16_A1527,no,
428,H16_A1528,no,
429,H16_A1529,no,
430,H16_A1549,no,
431,H16_A1553,no,
432,H16_A1558,no,
433,H16_A1562,no,
434,H16_A1603,no,
435,H16_A1616,no,
436,H16_A1639,no,
437,H16_A1656,no,
438,H16_A1694,no,
439,H16_A1699,no,
440,H16_A1700,no,
441,H16_A1713,no,
442,H16_A1716,no,
443,H16_A1718,no,
444,H16_A1720,no,
445,H16_A1732,no,
446,H16_A1734,no,
447,H16_A1736,no,
448,H16_A1753,no,
449,H16_A1772,no,
450,H16_A1779,no,
451,H16_A1785,no,
452,H16_A1786,no,
453,H16_A1791,no,
454,H16_A1806,no,
455,H16_A1807,no,
456,H16_A1814,no,
457,H16_A1828,no,
458,H16_A1832,no,
459,H16_A1840,no,
460,H16_A1847,no,
461,H16_A1848,no,
462,H16_A1850,no,
463,H16_A1851,no,
464,H16_A1854,no,
465,H16_A1864,no,
466,H16_A1885,no,
467,H16_A1887,no,
468,H16_A1889,no,
469,H16_A1903,no,
470,H16_A1905,no,
471,H16_A1907,no,
472,H16_A1909,no,
473,H16_A1910,no,
474,H16_A1919,no,
475,H16_A1924,no,
476,H16_A1934,no,
477,H16_A1949,no,
478,H16_A1960,no,
479,H16_A1961,no,
480,H16_A1962,no,
481,H16_A1964,no,
482,H16_A1966,no,
483,H16_A1968,no,
484,H16_A1971,no,
485,H16_A1972,no,
486,H16_A1975,no,
487,H16_A1980,no,
488,H16_A2002,no,
489,H16_A2003,no,
490,H16_A2009,no,
491,H16_A2012,no,
492,H16_A2038,no,
493,H16_A2065,no,
494,H16_A2078,no,
495,H16_A2088,no,
496,H16_A2102,no,
497,H16_A2113,no,
498,H16_A2132,no,
499,H16_A2138,no,
500,H16_A2142,no,
501,H16_A2144,no,
502,H16_A2148,no,
503,H16_A2171,no,
504,H16_A2179,no,
505,H16_A2182,no,
506,H16_A2183,no,
507,H16_A2204,no,
508,H16_A2211,no,
509,H16_A2217,no,
510,H16_A2227,no,
511,H16_A2231,no,
512,H16_A2251,no,
513,H16_A2252,no,
514,H16_A2258,no,
515,H16_A2280,no,
516,H16_A2323,no,
517,H16_A2326,no,
518,H16_A2343,no,
519,H16_A2346,no,
520,H16_A2352,no,
521,H16_A2376,no,
522,H16_A2385,no,
523,H16_A2390,no,
524,H16_A2422,no,
525,H16_A2457,no,
526,H16_A2460,no,
527,H16_A2461,no,
528,H16_A2462,no,
529,H16_A2464,no,
530,H16_A2505,no,
531,H16_A2507,no,
532,H16_A2521,no,
533,H16_A2589,no,
534,H16_A2592,no,
535,H16_A2612,no,
536,H16_A2614,no,
537,H16_A2615,no,
538,H16_A2620,no,
539,H16_A2634,no,
540,H16_A2635,no,
541,H16_A2636,no,
542,H16_A2638,no,
543,H16_A2643,no,
544,H16_A2647,no,
545,H16_A2718,no,
546,H16_A2731,no,
547,H16_A2733,no,
548,H16_A2747,no,
549,H16_A2752,no,
550,H16_A2758,no,
551,H16_A2761,no,
552,H16_A2762,no,
553,H16_A2763,no,
554,H16_A2777,no,
555,H16_A2780,no,
556,H16_A2794,no,
557,H16_A2807,no,
558,H16_A2815,no,
559,H16_A2816,no,
560,H16_A2818,no,
561,H16_A2854,no,
562,H16_A2860,no,
563,H16_A2862,no,
564,H16_A2885,no,
565,H16_A2891,no,
566,H16_A2893,no,
567,H16_A2900,no,
568,H16_A2905,no,
569,H16_A2907,no,
570,H16_A2911,no,
571,H16_A2912,no,
572,H16_A2914,no,
573,H16_A2919,no,
574,H16_A2921,no,
575,H16_A2931,no,
576,H16_A2961,no,
577,H16_A2962,no,
578,H16_A2963,no,
579,H16_A2964,no,
580,H16_A2966,no,
581,H16_A2967,no,
582,H16_A2968,no,
583,H16_A2969,no,
584,H16_A2979,no,
585,H16_A2981,no,
586,H16_A2987,no,
587,H16_A2994,no,
588,H16_A2997,no,
589,H16_A3005,no,
590,H16_A3009,no,
591,H16_A3012,no,
592,H16_A3013,no,
593,H16_A3014,no,
594,H16_A3015,no,
595,H16_A3017,no,
596,H16_A3018,no,
597,H16_A3031,no,
598,H16_A3036,no,
599,H16_A3037,no,
600,H16_A3038,no,
601,H16_A3042,no,
602,H16_A3056,no,
603,H16_A3057,no,
604,H16_A3075,no,
605,H16_A3077,no,
606,H16_A3084,no,
607,H16_A3087,no,
608,H16_A3090,no,
609,H16_A3091,no,
610,H16_A3094,no,
611,H16_A3109,no,
612,H16_A3129,no,
613,H16_A3130,no,
614,H16_A3131,no,
615,H16_A3136,no,
616,H16_A3155,no,
617,H16_A3157,no,
618,H16_A3165,no,
619,H16_A3170,no,
620,H16_A3186,no,
621,H16_A3201,no,
622,H16_A3236,no,
623,H16_A3242,no,
624,H16_A3263,no,
625,H16_A3307,no,
626,H16_A3311,no,
627,H16_A3313,no,
628,H16_A3318,no,
629,H16_A3320,no,
630,H16_A3321,no,
631,H16_A3322,no,
632,H16_A3330,no,
633,H16_A3337,no,
634,H16_A3348,no,
635,H16_A3386,no,
636,H16_A3406,no,
637,H16_A3408,no,
638,H16_A3409,no,
639,H16_A3410,no,
640,H16_A3411,no,
641,H16_A3415,no,
642,H16_A3416,no,
643,H16_A3417,no,
644,H16_A3430,no,
645,H16_A3431,no,
646,H16_A3433,no,
647,H16_A3435,no,
648,H16_A3551,no,
649,H16_A3578,no,
650,H16_A3582,no,
651,H16_A3593,no,
652,H16_A3594,no,
653,H16_A3598,no,
654,H16_A3599,no,
655,H16_A3600,no,
656,H16_A3601,no,
657,H16_A3602,no,
658,H16_A3622,no,
659,H16_A3631,no,
660,H16_A3649,no,
661,H16_A3664,no,
662,H16_A3673,no,
663,H16_A3678,no,
664,H16_A3711,no,
665,H16_A3712,no,
666,H16_A3724,no,
667,H16_B0034,no,
668,H16_B0046,no,
669,H16_B0051,no,
670,H16_B0052,no,
671,H16_B0070,no,
672,H16_B0081,no,
673,H16_B0096,no,
674,H16_B0097,no,
675,H16_B0103,no,
676,H16_B0127,no,
677,H16_B0131,no,
678,H16_B0144,no,
679,H16_B0145,no,
680,H16_B0146,no,
681,H16_B0174,no,
682,H16_B0198,no,
683,H16_B0199,no,
684,H16_B0200,no,
685,H16_B0208,no,
686,H16_B0212,no,
687,H16_B0213,no,
688,H16_B0216,no,
689,H16_B0226,no,
690,H16_B0278,no,
691,H16_B0280,no,
692,H16_B0283,no,
693,H16_B0287,no,
694,H16_B0295,no,
695,H16_B0301,no,
696,H16_B0313,no,
697,H16_B0319,no,
698,H16_B0321,no,
699,H16_B0324,no,
700,H16_B0330,no,
701,H16_B0334,no,
702,H16_B0337,no,
703,H16_B0339,no,
704,H16_B0345,no,
705,H16_B0347,no,
706,H16_B0353,no,
707,H16_B0355,no,
708,H16_B0365,no,
709,H16_B0367,no,
710,H16_B0371,no,
711,H16_B0372,no,
712,H16_B0376,no,
713,H16_B0380,no,
714,H16_B0381,no,
715,H16_B0386,no,
716,H16_B0388,no,
717,H16_B0389,no,
718,H16_B0400,no,
719,H16_B0402,no,
720,H16_B0406,no,
721,H16_B0414,no,
722,H16_B0419,no,
723,H16_B0421,no,
724,H16_B0422,no,
725,H16_B0449,no,
726,H16_B0459,no,
727,H16_B0460,no,
728,H16_B0465,no,
729,H16_B0466,no,
730,H16_B0473,no,
731,H16_B0476,no,
732,H16_B0495,no,
733,H16_B0517,no,
734,H16_B0536,no,
735,H16_B0539,no,
736,H16_B0540,no,
737,H16_B0541,no,
738,H16_B0542,no,
739,H16_B0543,no,
740,H16_B0544,no,
741,H16_B0546,no,
742,H16_B0547,no,
743,H16_B0548,no,
744,H16_B0549,no,
745,H16_B0551,no,
746,H16_B0552,no,
747,H16_B0560,no,
748,H16_B0568,no,
749,H16_B0572,no,
750,H16_B0591,no,
751,H16_B0594,no,
752,H16_B0595,no,
753,H16_B0596,no,
754,H16_B0597,no,
755,H16_B0600,no,
756,H16_B0611,no,
757,H16_B0612,no,
758,H16_B0618,no,
759,H16_B0626,no,
760,H16_B0627,no,
761,H16_B0654,no,
762,H16_B0655,no,
763,H16_B0656,no,
764,H16_B0657,no,
765,H16_B0659,no,
766,H16_B0668,no,
767,H16_B0671,no,
768,H16_B0681,no,
769,H16_B0696,no,
770,H16_B0698,no,
771,H16_B0724,no,
772,H16_B0737,no,
773,H16_B0750,no,
774,H16_B0756,no,
775,H16_B0759,no,
776,H16_B0760,no,
777,H16_B0778,no,
778,H16_B0779,no,
779,H16_B0795,no,
780,H16_B0819,no,
781,H16_B0824,no,
782,H16_B0833,no,
783,H16_B0841,no,
784,H16_B0842,no,
785,H16_B0847,no,
786,H16_B0848,no,
787,H16_B0862,no,
788,H16_B0873,no,
789,H16_B0875,no,
790,H16_B0876,no,
791,H16_B0884,no,
792,H16_B0891,no,
793,H16_B0914,no,
794,H16_B0915,no,
795,H16_B0917,no,
796,H16_B0928,no,
797,H16_B0961,no,
798,H16_B0965,no,
799,H16_B0970,no,
800,H16_B0981,no,
801,H16_B0982,no,
802,H16_B0984,no,
803,H16_B1014,no,
804,H16_B1016,no,
805,H16_B1034,no,
806,H16_B1047,no,
807,H16_B1076,no,
808,H16_B1081,no,
809,H16_B1083,no,
810,H16_B1092,no,
811,H16_B1098,no,
812,H16_B1102,no,
813,H16_B1143,no,
814,H16_B1148,no,
815,H16_B1152,no,
816,H16_B1172,no,
817,H16_B1180,no,
818,H16_B1188,no,
819,H16_B1190,no,
820,H16_B1191,no,
821,H16_B1195,no,
822,H16_B1198,no,
823,H16_B1199,no,
824,H16_B1212,no,
825,H16_B1213,no,
826,H16_B1223,no,
827,H16_B1238,no,
828,H16_B1241,no,
829,H16_B1250,no,
830,H16_B1255,no,
831,H16_B1264,no,
832,H16_B1300,no,
833,H16_B1346,no,
834,H16_B1357,no,
835,H16_B1358,no,
836,H16_B1365,no,
837,H16_B1369,no,
838,H16_B1384,no,
839,H16_B1385,no,
840,H16_B1386,no,
841,H16_B1387,no,
842,H16_B1389,no,
843,H16_B1390,no,
844,H16_B1394,no,
845,H16_B1399,no,
846,H16_B1422,no,
847,H16_B1433,no,
848,H16_B1436,no,
849,H16_B1438,no,
850,H16_B1439,no,
851,H16_B1441,no,
852,H16_B1444,no,
853,H16_B1452,no,
854,H16_B1453,no,
855,H16_B1454,no,
856,H16_B1480,no,
857,H16_B1501,no,
858,H16_B1502,no,
859,H16_B1503,no,
860,H16_B1533,no,
861,H16_B1534,no,
862,H16_B1537,no,
863,H16_B1561,no,
864,H16_B1564,no,
865,H16_B1576,no,
866,H16_B1583,no,
867,H16_B1584,no,
868,H16_B1593,no,
869,H16_B1595,no,
870,H16_B1630,no,
871,H16_B1631,no,
872,H16_B1652,no,
873,H16_B1657,no,
874,H16_B1662,no,
875,H16_B1670,no,
876,H16_B1671,no,
877,H16_B1693,no,
878,H16_B1695,no,
879,H16_B1699,no,
880,H16_B1700,no,
881,H16_B1701,no,
882,H16_B1709,no,
883,H16_B1714,no,
884,H16_B1715,no,
885,H16_B1719,no,
886,H16_B1735,no,
887,H16_B1738,no,
888,H16_B1741,no,
889,H16_B1742,no,
890,H16_B1745,no,
891,H16_B1750,no,
892,H16_B1751,no,
893,H16_B1758,no,
894,H16_B1773,no,
895,H16_B1813,no,
896,H16_B1819,no,
897,H16_B1831,no,
898,H16_B1834,no,
899,H16_B1835,no,
900,H16_B1842,no,
901,H16_B1843,no,
902,H16_B1870,no,
903,H16_B1871,no,
904,H16_B1874,no,
905,H16_B1881,no,
906,H16_B1897,no,
907,H16_B1898,no,
908,H16_B1905,no,
909,H16_B1914,no,
910,H16_B1918,no,
911,H16_B1931,no,
912,H16_B1939,no,
913,H16_B1945,no,
914,H16_B1956,no,
915,H16_B1960,no,
916,H16_B1967,no,
917,H16_B1994,no,
918,H16_B1997,no,
919,H16_B2013,no,
920,H16_B2014,no,
921,H16_B2057,no,
922,H16_B2069,no,
923,H16_B2073,no,
924,H16_B2096,no,
925,H16_B2113,no,
926,H16_B2126,no,
927,H16_B2130,no,
928,H16_B2135,no,
929,H16_B2156,no,
930,H16_B2162,no,
931,H16_B2168,no,
932,H16_B2169,no,
933,H16_B2191,no,
934,H16_B2192,no,
935,H16_B2193,no,
936,H16_B2194,no,
937,H16_B2211,no,
938,H16_B2220,no,
939,H16_B2227,no,
940,H16_B2229,no,
941,H16_B2234,no,
942,H16_B2255,no,
943,H16_B2268,no,
944,H16_B2270,no,
945,H16_B2275,no,
946,H16_B2276,no,
947,H16_B2277,no,
948,H16_B2285,no,
949,H16_B2286,no,
950,H16_B2288,no,
951,H16_B2289,no,
952,H16_B2291,no,
953,H16_B2323,no,
954,H16_B2378,no,
955,H16_B2401,no,
956,H16_B2403,no,
957,H16_B2421,no,
958,H16_B2438,no,
959,H16_B2444,no,
960,H16_B2446,no,
961,H16_B2452,no,
962,H16_B2453,no,
963,H16_B2455,no,
964,H16_B2459,no,
965,H16_B2460,no,
966,H16_B2470,no,
967,H16_B2478,no,
968,H16_B2494,no,
969,H16_B2500,no,
970,H16_B2521,no,
971,H16_B2522,no,
972,H16_B2534,no,
973,H16_B2564,no,
974,H16_B2565,no,
975,H16_B2566,no,
976,H16_B2567,no,
977,PHG200,no,
978,PHG252,no,
979,PHG416,no,
980,PHG417,no,
981,PHG418,no,
982,PHG419,no,
983,PHG420,no,
984,PHG421,no,
985,PHG422,no,
986,PHG423,no,
987,PHG426,no,
988,PHG427,no,
989,H16_A0043,no,
990,H16_A0062,no,
991,H16_A0066,no,
992,H16_A0067,no,
993,H16_A0069,no,
994,H16_A0072,no,
995,H16_A0092,no,
996,H16_A0176,no,
997,H16_A0209,no,
998,H16_A0250,no,
999,H16_A0252,no,
1000,H16_A0281,no,
1001,H16_A0285,no,
1002,H16_A0302,no,
1003,H16_A0304,no,
1004,H16_A0317,no,
1005,H16_A0339,no,
1006,H16_A0342,no,
1007,H16_A0343,no,
1008,H16_A0345,no,
1009,H16_A0347,no,
1010,H16_A0378,no,
1011,H16_A0394,no,
1012,H16_A0399,no,
1013,H16_A0426,no,
1014,H16_A0429,no,
1015,H16_A0431,no,
1016,H16_A0434,no,
1017,H16_A0455,no,
1018,H16_A0465,no,
1019,H16_A0486,no,
1020,H16_A0488,no,
1021,H16_A0498,no,
1022,H16_A0534,no,
1023,H16_A0575,no,
1024,H16_A0617,no,
1025,H16_A0643,no,
1026,H16_A0743,no,
1027,H16_A0832,no,
1028,H16_A0839,no,
1029,H16_A0840,no,
1030,H16_A0860,no,
1031,H16_A0898,no,
1032,H16_A0920,no,
1033,H16_A0921,no,
1034,H16_A0924,no,
1035,H16_A0925,no,
1036,H16_A0947,no,
1037,H16_A1025,no,
1038,H16_A1028,no,
1039,H16_A1065,no,
1040,H16_A1071,no,
1041,H16_A1072,no,
1042,H16_A1073,no,
1043,H16_A1074,no,
1044,H16_A1090,no,
1045,H16_A1100,no,
1046,H16_A1103,no,
1047,H16_A1117,no,
1048,H16_A1158,no,
1049,H16_A1192,no,
1050,H16_A1231,no,
1051,H16_A1287,no,
1052,H16_A1295,no,
1053,H16_A1312,no,
1054,H16_A1324,no,
1055,H16_A1335,no,
1056,H16_A1358,no,
1057,H16_A1386,no,
1058,H16_A1408,no,
1059,H16_A1409,no,
1060,H16_A1434,no,
1061,H16_A1466,no,
1062,H16_A1494,no,
1063,H16_A1500,no,
1064,H16_A1526,no,
1065,H16_A1531,no,
1066,H16_A1535,no,
1067,H16_A1560,no,
1068,H16_A1591,no,
1069,H16_A1602,no,
1070,H16_A1627,no,
1071,H16_A1630,no,
1072,H16_A1640,no,
1073,H16_A1641,no,
1074,H16_A1642,no,
1075,H16_A1643,no,
1076,H16_A1648,no,
1077,H16_A1676,no,
1078,H16_A1696,no,
1079,H16_A1721,no,
1080,H16_A1801,no,
1081,H16_A1892,no,
1082,H16_A1917,no,
1083,H16_A1953,no,
1084,H16_A1974,no,
1085,H16_A2018,no,
1086,H16_A2058,no,
1087,H16_A2068,no,
1088,H16_A2076,no,
1089,H16_A2089,no,
1090,H16_A2092,no,
1091,H16_A2106,no,
1092,H16_A2109,no,
1093,H16_A2145,no,
1094,H16_A2150,no,
1095,H16_A2163,no,
1096,H16_A2197,no,
1097,H16_A2200,no,
1098,H16_A2201,no,
1099,H16_A2214,no,
1100,H16_A2244,no,
1101,H16_A2267,no,
1102,H16_A2291,no,
1103,H16_A2293,no,
1104,H16_A2316,no,
1105,H16_A2317,no,
1106,H16_A2318,no,
1107,H16_A2319,no,
1108,H16_A2339,no,
1109,H16_A2358,no,
1110,H16_A2459,no,
1111,H16_A2480,no,
1112,H16_A2496,no,
1113,H16_A2506,no,
1114,H16_A2550,no,
1115,H16_A2578,no,
1116,H16_A2663,no,
1117,H16_A2713,no,
1118,H16_A2722,no,
1119,H16_A2740,no,
1120,H16_A2748,no,
1121,H16_A2764,no,
1122,H16_A2861,no,
1123,H16_A2863,no,
1124,H16_A2910,no,
1125,H16_A2917,no,
1126,H16_A2947,no,
1127,H16_A3004,no,
1128,H16_A3010,no,
1129,H16_A3050,no,
1130,H16_A3073,no,
1131,H16_A3083,no,
1132,H16_A3102,no,
1133,H16_A3125,no,
1134,H16_A3261,no,
1135,H16_A3288,no,
1136,H16_A3345,no,
1137,H16_A3346,no,
1138,H16_A3351,no,
1139,H16_A3396,no,
1140,H16_A3397,no,
1141,H16_A3398,no,
1142,H16_A3444,no,
1143,H16_A3445,no,
1144,H16_A3485,no,
1145,H16_A3514,no,
1146,H16_A3520,no,
1147,H16_A3521,no,
1148,H16_A3522,no,
1149,H16_A3523,no,
1150,H16_A3524,no,
1151,H16_A3547,no,
1152,H16_A3549,no,
1153,H16_A3561,no,
1154,H16_A3563,no,
1155,H16_A3572,no,
1156,H16_A3585,no,
1157,H16_A3589,no,
1158,H16_A3615,no,
1159,H16_A3644,no,
1160,H16_A3666,no,
1161,H16_A3679,no,
1162,H16_A3740,no,
1163,H16_B0038,no,
1164,H16_B0048,no,
1165,H16_B0062,no,
1166,H16_B0089,no,
1167,H16_B0102,no,
1168,H16_B0130,no,
1169,H16_B0132,no,
1170,H16_B0136,no,
1171,H16_B0148,no,
1172,H16_B0299,no,
1173,H16_B0322,no,
1174,H16_B0348,no,
1175,H16_B0358,no,
1176,H16_B0361,no,
1177,H16_B0370,no,
1178,H16_B0378,no,
1179,H16_B0385,no,
1180,H16_B0390,no,
1181,H16_B0404,no,
1182,H16_B0411,no,
1183,H16_B0424,no,
1184,H16_B0432,no,
1185,H16_B0447,no,
1186,H16_B0451,no,
1187,H16_B0464,no,
1188,H16_B0494,no,
1189,H16_B0522,no,
1190,H16_B0526,no,
1191,H16_B0529,no,
1192,H16_B0558,no,
1193,H16_B0571,no,
1194,H16_B0602,no,
1195,H16_B0609,no,
1196,H16_B0616,no,
1197,H16_B0620,no,
1198,H16_B0642,no,
1199,H16_B0644,no,
1200,H16_B0648,no,
1201,H16_B0649,no,
1202,H16_B0673,no,
1203,H16_B0682,no,
1204,H16_B0688,no,
1205,H16_B0707,no,
1206,H16_B0714,no,
1207,H16_B0736,no,
1208,H16_B0739,no,
1209,H16_B0743,no,
1210,H16_B0744,no,
1211,H16_B0746,no,
1212,H16_B0753,no,
1213,H16_B0764,no,
1214,H16_B0802,no,
1215,H16_B0812,no,
1216,H16_B0813,no,
1217,H16_B0820,no,
1218,H16_B0836,no,
1219,H16_B0860,no,
1220,H16_B0883,no,
1221,H16_B0907,no,
1222,H16_B0946,no,
1223,H16_B0974,no,
1224,H16_B0987,no,
1225,H16_B0990,no,
1226,H16_B1017,no,
1227,H16_B1025,no,
1228,H16_B1026,no,
1229,H16_B1027,no,
1230,H16_B1075,no,
1231,H16_B1110,no,
1232,H16_B1122,no,
1233,H16_B1142,no,
1234,H16_B1155,no,
1235,H16_B1170,no,
1236,H16_B1176,no,
1237,H16_B1177,no,
1238,H16_B1189,no,
1239,H16_B1236,no,
1240,H16_B1239,no,
1241,H16_B1359,no,
1242,H16_B1363,no,
1243,H16_B1368,no,
1244,H16_B1372,no,
1245,H16_B1398,no,
1246,H16_B1412,no,
1247,H16_B1449,no,
1248,H16_B1462,no,
1249,H16_B1515,no,
1250,H16_B1522,no,
1251,H16_B1560,no,
1252,H16_B1606,no,
1253,H16_B1629,no,
1254,H16_B1664,no,
1255,H16_B1667,no,
1256,H16_B1669,no,
1257,H16_B1711,no,
1258,H16_B1712,no,
1259,H16_B1716,no,
1260,H16_B1717,no,
1261,H16_B1736,no,
1262,H16_B1740,no,
1263,H16_B1748,no,
1264,H16_B1749,no,
1265,H16_B1756,no,
1266,H16_B1765,no,
1267,H16_B1812,no,
1268,H16_B1818,no,
1269,H16_B1840,no,
1270,H16_B1863,no,
1271,H16_B1865,no,
1272,H16_B1879,no,
1273,H16_B1904,no,
1274,H16_B1917,no,
1275,H16_B1948,no,
1276,H16_B1953,no,
1277,H16_B2003,no,
1278,H16_B2058,no,
1279,H16_B2059,no,
1280,H16_B2060,no,
1281,H16_B2061,no,
1282,H16_B2062,no,
1283,H16_B2114,no,
1284,H16_B2159,no,
1285,H16_B2160,no,
1286,H16_B2161,no,
1287,H16_B2164,no,
1288,H16_B2206,no,
1289,H16_B2210,no,
1290,H16_B2222,no,
1291,H16_B2228,no,
1292,H16_B2271,no,
1293,H16_B2307,no,
1294,H16_B2317,no,
1295,H16_B2376,no,
1296,H16_B2440,no,
1297,H16_B2471,no,
1298,H16_B2480,no,
1299,H16_B2482,no,
1300,H16_B2493,no,
1301,H16_B2496,no,
1302,H16_B2498,no,
1303,H16_B2514,no,
1304,H16_B2532,no,
1305,PHG001,no,
1306,PHG002,no,
1307,PHG003,no,
1308,PHG074,no,
1309,PHG088,no,
1310,PHG089,no,
1311,PHG090,no,
1312,PHG091,no,
1313,PHG120,no,
1314,PHG121,no,
1315,PHG178,no,
1316,PHG211,no,
1317,PHG212,no,
1318,PHG213,no,
1319,PHG229,no,
1320,PHG232,no,
1321,PHG240,no,
1322,PHG244,no,
1323,PHG261,no,
1324,PHG270,no,
1325,PHG271,no,
1326,PHG273,no,
1327,PHG279,no,
1328,PHG384,no,
1329,PHG385,no,
1330,PHG394,no,
1331,PHG398,no,
1332,PHG399,no,
1333,PHG404,no,
1334,PHG405,no,
